ID,X,Y,LogPos
1,140,735,I102-1
2,175,735,I102-2
3,210,735,I102-3
4,246,735,I102-4
5,282,735,I102-5
6,317,735,I102-6
7,353,735,I102-7
8,383,735,I102-8
9,140,770,I102-9
10,175,770,I102-10
11,210,770,I102-11
12,246,770,I102-12
13,282,770,I102-13
14,317,770,I102-14
15,353,770,I102-15
16,383,770,I102-16
17,140,806,I102-17
18,175,806,I102-18
19,210,806,I102-19
20,246,806,I102-20
21,282,806,I102-21
22,317,806,I102-22
23,353,806,I102-23
24,383,806,I102-24
25,140,841,I102-25
26,175,841,I102-26
27,210,841,I102-27
28,246,841,I102-28
29,282,841,I102-29
30,317,841,I102-30
31,353,841,I102-31
32,383,841,I102-32
33,140,876,I102-33
34,175,876,I102-34
35,210,876,I102-35
36,246,876,I102-36
37,282,876,I102-37
38,317,876,I102-38
39,353,876,I102-39
40,383,876,I102-40
41,1369,934,I104-1
42,1369,970,I104-2
43,1369,1005,I104-3
44,1369,1041,I104-4
45,1369,1076,I104-5
46,1369,1113,I104-6
47,1369,1147,I104-7
48,1369,1183,I104-8
49,1369,1218,I104-9
50,1369,1254,I104-10
51,1404,934,I104-11
52,1404,970,I104-12
53,1404,1005,I104-13
54,1404,1041,I104-14
55,1404,1076,I104-15
56,1404,1113,I104-16
57,1404,1147,I104-17
58,1404,1183,I104-18
59,1404,1218,I104-19
60,1404,1254,I104-20
61,1440,934,I104-21
62,1440,970,I104-22
63,1440,1005,I104-23
64,1440,1041,I104-24
65,1440,1076,I104-25
66,1440,1113,I104-26
67,1440,1147,I104-27
68,1440,1183,I104-28
69,1440,1218,I104-29
70,1440,1254,I104-30
71,1475,934,I104-31
72,1475,970,I104-32
73,1475,1005,I104-33
74,1475,1041,I104-34
75,1475,1076,I104-35
76,1475,1113,I104-36
77,1475,1147,I104-37
78,1475,1183,I104-38
79,1475,1218,I104-39
80,1475,1254,I104-40
81,1511,934,I104-41
82,1511,970,I104-42
83,1511,1005,I104-43
84,1511,1041,I104-44
85,1511,1076,I104-45
86,1511,1113,I104-46
87,1511,1147,I104-47
88,1511,1183,I104-48
89,1511,1218,I104-49
90,1511,1254,I104-50
91,1546,934,I104-51
92,1546,970,I104-52
93,1546,1005,I104-53
94,1546,1041,I104-54
95,1546,1076,I104-55
96,1546,1113,I104-56
97,1546,1147,I104-57
98,1546,1183,I104-58
99,1546,1218,I104-59
100,1546,1254,I104-60
101,1580,934,I104-61
102,1580,970,I104-62
103,1580,1005,I104-63
104,1580,1041,I104-64
105,1580,1076,I104-65
106,1580,1113,I104-66
107,1580,1147,I104-67
108,1580,1183,I104-68
109,1580,1218,I104-69
110,1580,1254,I104-70
111,1617,934,I104-71
112,1617,970,I104-72
113,1617,1005,I104-73
114,1617,1041,I104-74
115,1617,1076,I104-75
116,1617,1113,I104-76
117,1617,1147,I104-77
118,1617,1183,I104-78
119,1617,1218,I104-79
120,1617,1254,I104-80
121,1653,934,I104-81
122,1653,970,I104-82
123,1030,989,I105-1
124,1030,1025,I105-2
125,1030,1060,I105-3
126,1030,1096,I105-4
127,1030,1131,I105-5
128,1030,1167,I105-6
129,1030,1202,I105-7
130,1030,1238,I105-8
131,1030,1273,I105-9
132,1060,989,I105-10
133,1060,1025,I105-11
134,1060,1060,I105-12
135,1060,1096,I105-13
136,1060,1131,I105-14
137,1060,1167,I105-15
138,1060,1202,I105-16
139,1060,1238,I105-17
140,1060,1273,I105-18
141,1101,989,I105-19
142,1101,1025,I105-20
143,1101,1060,I105-21
144,1101,1096,I105-22
145,1101,1131,I105-23
146,1101,1167,I105-24
147,1101,1202,I105-25
148,1101,1238,I105-26
149,1101,1273,I105-27
150,1136,989,I105-28
151,1136,1025,I105-29
152,1136,1060,I105-30
153,1136,1096,I105-31
154,1136,1131,I105-32
155,1136,1167,I105-33
156,1136,1202,I105-34
157,1136,1238,I105-35
158,1136,1273,I105-36
159,1172,989,I105-37
160,1172,1025,I105-38
161,1172,1060,I105-39
162,1172,1096,I105-40
163,1172,1131,I105-41
164,1172,1167,I105-42
165,1172,1202,I105-43
166,1172,1238,I105-44
167,1172,1273,I105-45
168,1207,989,I105-46
169,1207,1025,I105-47
170,1207,1060,I105-48
171,1207,1096,I105-49
172,1207,1131,I105-50
173,1207,1167,I105-51
174,1207,1202,I105-52
175,1207,1238,I105-53
176,1207,1273,I105-54
177,1243,989,I105-55
178,1243,1025,I105-56
179,1243,1060,I105-57
180,1243,1096,I105-58
181,1243,1131,I105-59
182,1243,1167,I105-60
183,1243,1202,I105-61
184,1243,1238,I105-62
185,1243,1273,I105-63
186,1278,989,I105-64
187,1278,1025,I105-65
188,1278,1060,I105-66
189,1278,1096,I105-67
190,1278,1131,I105-68
191,1278,1167,I105-69
192,1278,1202,I105-70
193,1278,1238,I105-71
194,1278,1273,I105-72
195,1314,989,I105-73
196,1314,1025,I105-74
197,1314,1060,I105-75
198,1314,1096,I105-76
199,1314,1131,I105-77
200,1314,1167,I105-78
201,1314,1202,I105-79
202,1314,1238,I105-80
203,1314,1273,I105-81
204,696,989,I106-1
205,696,1025,I106-2
206,696,1060,I106-3
207,696,1096,I106-4
208,696,1131,I106-5
209,696,1167,I106-6
210,696,1202,I106-7
211,696,1238,I106-8
212,696,1273,I106-9
213,731,989,I106-10
214,731,1025,I106-11
215,731,1060,I106-12
216,731,1096,I106-13
217,731,1131,I106-14
218,731,1167,I106-15
219,731,1202,I106-16
220,731,1238,I106-17
221,731,1273,I106-18
222,767,989,I106-19
223,767,1025,I106-20
224,767,1060,I106-21
225,767,1096,I106-22
226,767,1131,I106-23
227,767,1167,I106-24
228,767,1202,I106-25
229,767,1238,I106-26
230,767,1273,I106-27
231,802,989,I106-28
232,802,1025,I106-29
233,802,1060,I106-30
234,802,1096,I106-31
235,802,1131,I106-32
236,802,1167,I106-33
237,802,1202,I106-34
238,802,1238,I106-35
239,802,1273,I106-36
240,838,989,I106-37
241,838,1025,I106-38
242,838,1060,I106-39
243,838,1096,I106-40
244,838,1131,I106-41
245,838,1167,I106-42
246,838,1202,I106-43
247,838,1238,I106-44
248,838,1273,I106-45
249,873,989,I106-46
250,873,1025,I106-47
251,873,1060,I106-48
252,873,1096,I106-49
253,873,1131,I106-50
254,873,1167,I106-51
255,873,1202,I106-52
256,873,1238,I106-53
257,873,1273,I106-54
258,909,989,I106-55
259,909,1025,I106-56
260,909,1060,I106-57
261,909,1096,I106-58
262,909,1131,I106-59
263,909,1167,I106-60
264,909,1202,I106-61
265,909,1238,I106-62
266,909,1273,I106-63
267,944,989,I106-64
268,944,1025,I106-65
269,944,1060,I106-66
270,944,1096,I106-67
271,944,1131,I106-68
272,944,1167,I106-69
273,944,1202,I106-70
274,944,1238,I106-71
275,944,1273,I106-72
276,980,989,I106-73
277,980,1025,I106-74
278,980,1060,I106-75
279,980,1096,I106-76
280,980,1131,I106-77
281,980,1167,I106-78
282,980,1202,I106-79
283,980,1238,I106-80
284,980,1273,I106-81
285,526,1040,I108-1
286,526,1076,I108-2
287,526,1111,I108-3
288,526,1147,I108-4
289,526,1182,I108-5
290,526,1218,I108-6
291,526,1253,I108-7
292,490,1040,I108-8
293,490,1076,I108-9
294,490,1111,I108-10
295,490,1147,I108-11
296,490,1182,I108-12
297,490,1218,I108-13
298,490,1253,I108-14
299,455,1040,I108-15
300,455,1076,I108-16
301,455,1111,I108-17
302,455,1147,I108-18
303,455,1182,I108-19
304,455,1218,I108-20
305,455,1253,I108-21
306,419,1040,I108-22
307,419,1076,I108-23
308,419,1111,I108-24
309,419,1147,I108-25
310,419,1182,I108-26
311,419,1218,I108-27
312,419,1253,I108-28
313,384,1040,I108-29
314,384,1076,I108-30
315,384,1111,I108-31
316,384,1147,I108-32
317,384,1182,I108-33
318,384,1218,I108-34
319,384,1253,I108-35
320,348,1040,I108-36
321,348,1076,I108-37
322,348,1111,I108-38
323,348,1147,I108-39
324,348,1182,I108-40
325,348,1218,I108-41
326,348,1253,I108-42
327,276,1039,I109-1
328,276,1074,I109-2
329,276,1109,I109-3
330,276,1145,I109-4
331,276,1180,I109-5
332,276,1216,I109-6
333,276,1251,I109-7
334,240,1039,I109-8
335,240,1074,I109-9
336,240,1109,I109-10
337,240,1145,I109-11
338,240,1180,I109-12
339,240,1216,I109-13
340,240,1251,I109-14
341,205,1075,I109-15
342,205,1111,I109-16
343,205,1146,I109-17
344,205,1182,I109-18
345,205,1217,I109-19
346,205,1253,I109-20
347,169,1075,I109-21
348,169,1111,I109-22
349,169,1146,I109-23
350,169,1182,I109-24
351,169,1217,I109-25
352,169,1253,I109-26
353,134,1075,I109-27
354,134,1111,I109-28
355,134,1146,I109-29
356,134,1182,I109-30
357,134,1217,I109-31
358,134,1253,I109-32
359,98,1075,I109-33
360,98,1111,I109-34
361,98,1146,I109-35
362,98,1182,I109-36
363,98,1217,I109-37
364,98,1253,I109-38
365,180,272,J103-1
366,180,234,J103-2
367,180,201,J103-3
368,180,165,J103-4
369,180,130,J103-5
370,180,94,J103-6
371,219,272,J103-7
372,219,234,J103-8
373,219,201,J103-9
374,219,165,J103-10
375,219,130,J103-11
376,219,94,J103-12
377,254,272,J103-13
378,254,234,J103-14
379,254,201,J103-15
380,254,165,J103-16
381,254,130,J103-17
382,254,94,J103-18
383,290,272,J103-19
384,290,234,J103-20
385,290,201,J103-21
386,290,165,J103-22
387,290,130,J103-23
388,290,94,J103-24
389,325,272,J103-25
390,325,234,J103-26
391,325,201,J103-27
392,325,165,J103-28
393,325,130,J103-29
394,325,94,J103-30
395,361,272,J103-31
396,361,234,J103-32
397,361,201,J103-33
398,361,165,J103-34
399,361,130,J103-35
400,361,94,J103-36
401,396,272,J103-37
402,396,234,J103-38
403,396,201,J103-39
404,396,165,J103-40
405,396,130,J103-41
406,396,94,J103-42
407,432,272,J103-43
408,432,234,J103-44
409,432,201,J103-45
410,432,165,J103-46
411,432,130,J103-47
412,432,94,J103-48
413,467,272,J103-49
414,467,234,J103-50
415,467,201,J103-51
416,467,165,J103-52
417,467,130,J103-53
418,467,94,J103-54
419,793,371,J105-1
420,793,336,J105-2
421,793,300,J105-3
422,793,265,J105-4
423,793,229,J105-5
424,793,194,J105-6
425,793,158,J105-7
426,793,123,J105-8
427,793,87,J105-9
428,757,371,J105-10
429,757,336,J105-11
430,757,300,J105-12
431,757,265,J105-13
432,757,229,J105-14
433,757,194,J105-15
434,757,158,J105-16
435,757,123,J105-17
436,757,87,J105-18
437,722,371,J105-19
438,722,336,J105-20
439,722,300,J105-21
440,722,265,J105-22
441,722,229,J105-23
442,722,194,J105-24
443,722,158,J105-25
444,722,123,J105-26
445,722,87,J105-27
446,686,371,J105-28
447,686,336,J105-29
448,686,300,J105-30
449,686,265,J105-31
450,686,229,J105-32
451,686,194,J105-33
452,686,158,J105-34
453,686,123,J105-35
454,686,87,J105-36
455,651,371,J105-37
456,651,336,J105-38
457,651,300,J105-39
458,651,265,J105-40
459,651,229,J105-41
460,651,194,J105-42
461,651,158,J105-43
462,651,123,J105-44
463,651,87,J105-45
464,615,371,J105-46
465,615,336,J105-47
466,615,300,J105-48
467,615,265,J105-49
468,615,229,J105-50
469,615,194,J105-51
470,615,158,J105-52
471,615,123,J105-53
472,615,87,J105-54
473,580,371,J105-55
474,580,336,J105-56
475,580,300,J105-57
476,580,265,J105-58
477,580,229,J105-59
478,580,194,J105-60
479,580,158,J105-61
480,580,123,J105-62
481,580,87,J105-63
482,544,371,J105-64
483,544,336,J105-65
484,544,300,J105-66
485,544,265,J105-67
486,544,229,J105-68
487,544,194,J105-69
488,544,158,J105-70
489,544,123,J105-71
490,544,87,J105-72
491,509,371,J105-73
492,509,336,J105-74
493,509,300,J105-75
494,509,265,J105-76
495,509,229,J105-77
496,509,194,J105-78
497,509,158,J105-79
498,509,123,J105-80
499,509,87,J105-81
500,1123,372,J106-1
501,1123,337,J106-2
502,1123,301,J106-3
503,1123,266,J106-4
504,1123,230,J106-5
505,1123,195,J106-6
506,1123,159,J106-7
507,1123,124,J106-8
508,1123,88,J106-9
509,1087,372,J106-10
510,1087,337,J106-11
511,1087,301,J106-12
512,1087,266,J106-13
513,1087,230,J106-14
514,1087,195,J106-15
515,1087,159,J106-16
516,1087,124,J106-17
517,1087,88,J106-18
518,1052,372,J106-19
519,1052,337,J106-20
520,1052,301,J106-21
521,1052,266,J106-22
522,1052,230,J106-23
523,1052,195,J106-24
524,1052,159,J106-25
525,1052,124,J106-26
526,1052,88,J106-27
527,1016,372,J106-28
528,1016,337,J106-29
529,1016,301,J106-30
530,1016,266,J106-31
531,1016,230,J106-32
532,1016,195,J106-33
533,1016,159,J106-34
534,1016,124,J106-35
535,1016,88,J106-36
536,981,372,J106-37
537,981,337,J106-38
538,981,301,J106-39
539,981,266,J106-40
540,981,230,J106-41
541,981,195,J106-42
542,981,159,J106-43
543,981,124,J106-44
544,981,88,J106-45
545,945,372,J106-46
546,945,337,J106-47
547,945,301,J106-48
548,945,266,J106-49
549,945,230,J106-50
550,945,195,J106-51
551,945,159,J106-52
552,945,124,J106-53
553,945,88,J106-54
554,910,372,J106-55
555,910,337,J106-56
556,910,301,J106-57
557,910,266,J106-58
558,910,230,J106-59
559,910,195,J106-60
560,910,159,J106-61
561,910,124,J106-62
562,910,88,J106-63
563,874,372,J106-64
564,874,337,J106-65
565,874,301,J106-66
566,874,266,J106-67
567,874,230,J106-68
568,874,195,J106-69
569,874,159,J106-70
570,874,124,J106-71
571,874,88,J106-72
572,839,372,J106-73
573,839,337,J106-74
574,839,301,J106-75
575,839,266,J106-76
576,839,230,J106-77
577,839,195,J106-78
578,839,159,J106-79
579,839,124,J106-80
580,839,88,J106-81
581,1194,323,J108-1
582,1194,359,J108-2
583,1194,394,J108-3
584,1229,394,J108-4
585,1229,359,J108-5
586,1229,323,J108-6
593,1195,98,J110-1
594,1231,98,J110-2
595,1266,98,J110-3
596,1302,98,J110-4
597,1195,133,J110-5
598,1231,133,J110-6
599,1266,133,J110-7
600,1302,133,J110-8
601,1377,367,J111-1
602,1377,332,J111-2
603,1377,296,J111-3
604,1377,261,J111-4
605,1377,225,J111-5
606,1377,190,J111-6
607,1377,154,J111-7
608,1377,119,J111-8
609,1377,83,J111-9
610,1412,367,J111-10
611,1412,332,J111-11
612,1412,296,J111-12
613,1412,261,J111-13
614,1412,225,J111-14
615,1412,190,J111-15
616,1412,154,J111-16
617,1412,119,J111-17
618,1412,83,J111-18
619,1448,367,J111-19
620,1448,332,J111-20
621,1448,296,J111-21
622,1448,261,J111-22
623,1448,225,J111-23
624,1448,190,J111-24
625,1448,154,J111-25
626,1448,119,J111-26
627,1448,83,J111-27
628,1483,367,J111-28
629,1483,332,J111-29
630,1483,296,J111-30
631,1483,261,J111-31
632,1483,225,J111-32
633,1483,190,J111-33
634,1483,154,J111-34
635,1483,119,J111-35
636,1483,83,J111-36
637,1519,367,J111-37
638,1519,332,J111-38
639,1519,296,J111-39
640,1519,261,J111-40
641,1519,225,J111-41
642,1519,190,J111-42
643,1519,154,J111-43
644,1519,119,J111-44
645,1519,83,J111-45
646,1554,367,J111-46
647,1554,332,J111-47
648,1554,296,J111-48
649,1554,261,J111-49
650,1554,225,J111-50
651,1554,190,J111-51
652,1554,154,J111-52
653,1554,119,J111-53
654,1554,83,J111-54
655,1590,367,J111-55
656,1590,332,J111-56
657,1590,296,J111-57
658,1590,261,J111-58
659,1590,225,J111-59
660,1590,190,J111-60
661,1590,154,J111-61
662,1590,119,J111-62
663,1590,83,J111-63
664,1625,367,J111-64
665,1625,332,J111-65
666,1625,296,J111-66
667,1625,261,J111-67
668,1625,225,J111-68
669,1625,190,J111-69
670,1625,154,J111-70
671,1625,119,J111-71
672,1625,83,J111-72
673,1661,367,J111-73
674,1661,332,J111-74
675,1661,296,J111-75
676,1661,261,J111-76
677,1661,225,J111-77
678,1661,190,J111-78
679,1661,154,J111-79
680,1661,119,J111-80
681,1661,83,J111-81
448,1464,538,J113-1
449,1428,538,J113-2
450,1393,538,J113-3
451,1357,538,J113-4
452,1322,538,J113-5
453,1286,538,J113-6
454,1251,538,J113-7
455,1215,538,J113-8
456,1180,538,J113-9
457,1464,574,J113-10
458,1428,574,J113-11
459,1393,574,J113-12
460,1357,574,J113-13
461,1322,574,J113-14
462,1286,574,J113-15
463,1251,574,J113-16
464,1215,574,J113-17
465,1180,574,J113-18
466,1464,609,J113-19
467,1428,609,J113-20
468,1393,609,J113-21
469,1357,609,J113-22
470,1322,609,J113-23
471,1286,609,J113-24
472,1251,609,J113-25
473,1215,609,J113-26
474,1180,609,J113-27
475,1464,645,J113-28
476,1428,645,J113-29
477,1393,645,J113-30
478,1357,645,J113-31
479,1322,645,J113-32
480,1286,645,J113-33
481,1251,645,J113-34
482,1215,645,J113-35
483,1180,645,J113-36
484,1464,680,J113-37
485,1428,680,J113-38
486,1393,680,J113-39
487,1357,680,J113-40
488,1322,680,J113-41
489,1286,680,J113-42
490,1251,680,J113-43
491,1215,680,J113-44
492,1180,680,J113-45
493,1464,716,J113-46
494,1428,716,J113-47
495,1393,716,J113-48
496,1357,716,J113-49
497,1322,716,J113-50
498,1286,716,J113-51
499,1251,716,J113-52
500,1215,716,J113-53
501,1180,716,J113-54
502,1464,751,J113-55
503,1428,751,J113-56
504,1393,751,J113-57
505,1357,751,J113-58
506,1322,751,J113-59
507,1286,751,J113-60
508,1251,751,J113-61
509,1215,751,J113-62
510,1180,751,J113-63
511,1464,787,J113-64
512,1428,787,J113-65
513,1393,787,J113-66
514,1357,787,J113-67
515,1322,787,J113-68
516,1286,787,J113-69
517,1251,787,J113-70
518,1215,787,J113-71
519,1180,787,J113-72
520,1464,822,J113-73
521,1428,822,J113-74
522,1393,822,J113-75
523,1357,822,J113-76
524,1322,822,J113-77
525,1286,822,J113-78
526,1251,822,J113-79
527,1215,822,J113-80
528,1180,822,J113-81
529,1464,858,J113-82
530,1428,858,J113-83
531,1393,858,J113-84
532,1357,858,J113-85
533,1322,858,J113-86
534,1286,858,J113-87
535,1251,858,J113-88
536,1215,858,J113-89
537,1180,858,J113-90
772,1132,834,J114-1
773,1132,798,J114-2
774,1132,763,J114-3
775,1132,728,J114-4
776,1132,692,J114-5
777,1132,657,J114-6
778,1132,621,J114-7
779,1132,586,J114-8
780,1132,550,J114-9
781,1132,514,J114-10
782,1098,834,J114-11
783,1098,798,J114-12
784,1098,763,J114-13
785,1098,728,J114-14
786,1098,692,J114-15
787,1098,657,J114-16
788,1098,621,J114-17
789,1098,586,J114-18
790,1098,550,J114-19
791,1098,514,J114-20
792,1062,834,J114-21
793,1062,798,J114-22
794,1062,763,J114-23
795,1062,728,J114-24
796,1062,692,J114-25
797,1062,657,J114-26
798,1062,621,J114-27
799,1062,586,J114-28
800,1062,550,J114-29
801,1062,514,J114-30
802,1027,834,J114-31
803,1027,798,J114-32
804,1027,763,J114-33
805,1027,728,J114-34
806,1027,692,J114-35
807,1027,657,J114-36
808,1027,621,J114-37
809,1027,586,J114-38
810,1027,550,J114-39
811,1027,514,J114-40
812,991,834,J114-41
813,991,798,J114-42
814,991,763,J114-43
815,991,728,J114-44
816,991,692,J114-45
817,991,657,J114-46
818,991,621,J114-47
819,991,586,J114-48
820,991,550,J114-49
821,991,514,J114-50
822,956,834,J114-51
823,956,798,J114-52
824,956,763,J114-53
825,956,728,J114-54
826,956,692,J114-55
827,956,657,J114-56
828,956,621,J114-57
829,956,586,J114-58
830,956,550,J114-59
831,956,514,J114-60
832,879,536,J115-1
833,844,536,J115-2
834,808,536,J115-3
835,773,536,J115-4
836,737,536,J115-5
837,702,536,J115-6
838,879,573,J115-7
839,844,573,J115-8
840,808,573,J115-9
841,773,573,J115-10
842,737,573,J115-11
843,702,573,J115-12
844,879,607,J115-13
845,844,607,J115-14
846,808,607,J115-15
847,773,607,J115-16
848,737,607,J115-17
849,702,607,J115-18
850,879,642,J115-19
851,844,642,J115-20
852,808,642,J115-21
853,773,642,J115-22
854,737,642,J115-23
855,702,642,J115-24
856,879,679,J115-25
857,844,679,J115-26
858,808,679,J115-27
859,773,679,J115-28
860,737,679,J115-29
861,702,679,J115-30
862,879,714,J115-31
863,844,714,J115-32
864,808,714,J115-33
865,773,714,J115-34
866,737,714,J115-35
867,702,714,J115-36
868,879,750,J115-37
869,844,750,J115-38
870,808,750,J115-39
871,773,750,J115-40
872,737,750,J115-41
873,702,750,J115-42
874,879,785,J115-43
875,844,785,J115-44
876,808,785,J115-45
877,773,785,J115-46
878,737,785,J115-47
879,702,785,J115-48
880,879,821,J115-49
881,844,821,J115-50
882,808,821,J115-51
883,773,821,J115-52
884,737,821,J115-53
885,702,821,J115-54
886,879,856,J115-55
887,844,856,J115-56
888,808,856,J115-57
889,773,856,J115-58
890,737,856,J115-59
891,702,856,J115-60
892,388,659,J117-1
893,388,623,J117-2
894,388,588,J117-3
895,388,552,J117-4
896,388,516,J117-5
897,353,659,J117-6
898,353,623,J117-7
899,353,588,J117-8
900,353,552,J117-9
901,353,516,J117-10
902,317,659,J117-11
903,317,623,J117-12
904,317,588,J117-13
905,317,552,J117-14
906,317,516,J117-15
907,281,659,J117-16
908,281,623,J117-17
909,281,588,J117-18
910,281,552,J117-19
911,281,516,J117-20
912,245,659,J117-21
913,245,623,J117-22
914,245,588,J117-23
915,245,552,J117-24
916,245,516,J117-25
917,212,659,J117-26
918,212,623,J117-27
919,212,588,J117-28
920,212,552,J117-29
921,212,516,J117-30
922,175,659,J117-31
923,175,623,J117-32
924,175,588,J117-33
925,175,552,J117-34
926,175,516,J117-35
927,140,659,J117-36
928,140,623,J117-37
929,140,588,J117-38
930,140,552,J117-39
931,140,516,J117-40
932,96,964,I101-Passage-1
933,132,964,I101-Passage-2
934,167,964,I101-Passage-3
935,203,964,I101-Passage-4
936,238,964,I101-Passage-5
937,274,964,I101-Passage-6
938,309,964,I101-Passage-7
939,345,964,I101-Passage-8
940,380,964,I101-Passage-9
941,416,964,I101-Passage-10
942,96,928,I101-Passage-11
943,132,928,I101-Passage-12
944,167,928,I101-Passage-13
945,203,928,I101-Passage-14
946,238,928,I101-Passage-15
947,274,928,I101-Passage-16
948,309,928,I101-Passage-17
949,345,928,I101-Passage-18
950,380,928,I101-Passage-19
951,416,928,I101-Passage-20
952,1291,912,I103-Passage-1
953,1256,912,I103-Passage-2
954,1220,912,I103-Passage-3
955,1185,912,I103-Passage-4
956,1149,912,I103-Passage-5
957,1114,912,I103-Passage-6
958,1078,912,I103-Passage-7
959,1043,912,I103-Passage-8
960,1007,912,I103-Passage-9
961,971,912,I103-Passage-10
962,936,912,I103-Passage-11
963,901,912,I103-Passage-12
964,865,912,I103-Passage-13
965,830,912,I103-Passage-14
966,793,912,I103-Passage-15
967,759,912,I103-Passage-16
968,723,912,I103-Passage-17
969,688,912,I103-Passage-18
970,652,912,I103-Passage-19
971,1314,454,J104-Passage-1
972,1278,454,J104-Passage-2
973,1243,454,J104-Passage-3
974,1207,454,J104-Passage-4
975,1172,454,J104-Passage-5
976,1136,454,J104-Passage-6
977,1101,454,J104-Passage-7
978,1066,454,J104-Passage-8
979,1030,454,J104-Passage-9
980,994,454,J104-Passage-10
981,959,454,J104-Passage-11
982,923,454,J104-Passage-12
983,888,454,J104-Passage-13
984,852,454,J104-Passage-14
985,817,454,J104-Passage-15
986,781,454,J104-Passage-16
987,746,454,J104-Passage-17
988,710,454,J104-Passage-18
989,675,454,J104-Passage-19
990,639,454,J104-Passage-20
991,1301,419,J107-Passage-1
992,1301,383,J107-Passage-2
993,1301,347,J107-Passage-3
994,1301,312,J107-Passage-4
995,1301,276,J107-Passage-5
996,1301,241,J107-Passage-6
997,1301,205,J107-Passage-7
998,1301,170,J107-Passage-8
999,96,349,J101-Passage-1
1000,132,349,J101-Passage-2
1001,167,349,J101-Passage-3
1002,203,349,J101-Passage-4
1003,238,349,J101-Passage-5
1004,274,349,J101-Passage-6
1005,309,349,J101-Passage-7
1006,345,349,J101-Passage-8
1007,370,349,J101-Passage-9
1008,416,349,J101-Passage-10
1009,451,349,J101-Passage-11
1010,487,349,J101-Passage-12
1011,96,384,J101-Passage-13
1012,132,384,J101-Passage-14
1013,167,384,J101-Passage-15
1014,203,384,J101-Passage-16
1015,238,384,J101-Passage-17
1016,274,384,J101-Passage-18
1017,309,384,J101-Passage-19
1018,345,384,J101-Passage-20
1019,370,384,J101-Passage-21
1020,416,384,J101-Passage-22
1021,451,384,J101-Passage-23
1022,487,384,J101-Passage-24
1023,238,420,J101-Passage-25
1024,274,420,J101-Passage-26
1025,309,420,J101-Passage-27
1026,345,420,J101-Passage-28
1027,380,420,J101-Passage-29
1028,416,420,J101-Passage-30
1029,451,420,J101-Passage-31
1030,487,420,J101-Passage-32
1031,238,455,J101-Passage-33
1032,274,455,J101-Passage-34
1033,309,455,J101-Passage-35
1034,345,455,J101-Passage-36
1035,380,455,J101-Passage-37
1036,416,455,J101-Passage-38
1037,451,455,J101-Passage-39
1038,487,455,J101-Passage-40
1039,523,455,J101-Passage-41
1040,558,455,J101-Passage-42
1041,593,455,J101-Passage-43
1042,629,455,J101-Passage-44
1043,451,490,J101-Passage-45
1044,487,490,J101-Passage-46
1045,522,490,J101-Passage-47
1046,558,490,J101-Passage-48
1047,593,490,J101-Passage-49
1048,629,490,J101-Passage-50
1049,464,526,J116-Studielandskap-1
1050,500,526,J116-Studielandskap-2
1051,535,526,J116-Studielandskap-3
1052,571,526,J116-Studielandskap-4
1053,606,526,J116-Studielandskap-5
1054,642,526,J116-Studielandskap-6
1055,464,561,J116-Studielandskap-7
1056,500,561,J116-Studielandskap-8
1057,535,561,J116-Studielandskap-9
1058,571,561,J116-Studielandskap-10
1059,606,561,J116-Studielandskap-11
1060,642,561,J116-Studielandskap-12
1061,464,597,J116-Studielandskap-13
1062,500,597,J116-Studielandskap-14
1063,535,597,J116-Studielandskap-15
1064,571,597,J116-Studielandskap-16
1065,606,597,J116-Studielandskap-17
1066,642,597,J116-Studielandskap-18
1067,464,632,J116-Studielandskap-19
1068,500,632,J116-Studielandskap-20
1069,535,632,J116-Studielandskap-21
1070,571,632,J116-Studielandskap-22
1071,606,632,J116-Studielandskap-23
1072,642,632,J116-Studielandskap-24
1073,464,668,J116-Studielandskap-25
1074,500,668,J116-Studielandskap-26
1075,535,668,J116-Studielandskap-27
1076,571,668,J116-Studielandskap-28
1077,606,668,J116-Studielandskap-29
1078,642,668,J116-Studielandskap-30
1079,464,703,J116-Studielandskap-31
1080,500,703,J116-Studielandskap-32
1081,535,703,J116-Studielandskap-33
1082,571,703,J116-Studielandskap-34
1083,606,703,J116-Studielandskap-35
1084,642,703,J116-Studielandskap-36
1085,464,731,J116-Studielandskap-37
1086,500,731,J116-Studielandskap-38
1087,535,731,J116-Studielandskap-39
1088,571,731,J116-Studielandskap-40
1089,606,731,J116-Studielandskap-41
1090,642,731,J116-Studielandskap-42
1091,464,774,J116-Studielandskap-43
1092,500,774,J116-Studielandskap-44
1093,535,774,J116-Studielandskap-45
1094,571,774,J116-Studielandskap-46
1095,606,774,J116-Studielandskap-47
1096,642,774,J116-Studielandskap-48
1097,464,810,J116-Studielandskap-49
1098,500,810,J116-Studielandskap-50
1099,535,810,J116-Studielandskap-51
1100,571,810,J116-Studielandskap-52
1101,606,810,J116-Studielandskap-53
1102,642,810,J116-Studielandskap-54
1103,464,845,J116-Studielandskap-55
1104,500,845,J116-Studielandskap-56
1105,535,845,J116-Studielandskap-57
1106,571,845,J116-Studielandskap-58
1107,606,845,J116-Studielandskap-59
1108,642,845,J116-Studielandskap-60
1109,464,881,J116-Studielandskap-61
1110,500,881,J116-Studielandskap-62
1111,535,881,J116-Studielandskap-63
1112,571,881,J116-Studielandskap-64
1113,606,881,J116-Studielandskap-65
1114,642,881,J116-Studielandskap-66
1115,464,916,J116-Studielandskap-67
1116,500,916,J116-Studielandskap-68
1117,535,916,J116-Studielandskap-69
1118,571,916,J116-Studielandskap-70
1119,606,916,J116-Studielandskap-71
1120,642,916,J116-Studielandskap-72
1121,464,952,J116-Studielandskap-73
1122,500,952,J116-Studielandskap-74
1123,535,952,J116-Studielandskap-75
1124,571,952,J116-Studielandskap-76
1125,606,952,J116-Studielandskap-77
1126,642,952,J116-Studielandskap-78
1127,464,987,J116-Studielandskap-79
1128,500,987,J116-Studielandskap-80
1129,535,987,J116-Studielandskap-81
1130,571,987,J116-Studielandskap-82
1131,606,987,J116-Studielandskap-83
1132,642,987,J116-Studielandskap-84
1133,606,1022,J116-Studielandskap-85
1134,642,1022,J116-Studielandskap-86
1135,429,916,J116-Studielandskap-87
1136,429,952,J116-Studielandskap-88
1137,429,987,J116-Studielandskap-89